,fit_time,fit_time,fit_time,fit_time,fit_time,fit_time,fit_time,fit_time,fit_time,score_time,score_time,score_time,score_time,score_time,score_time,score_time,score_time,score_time,test_score,test_score,test_score,test_score,test_score,test_score,test_score,test_score,test_score
estimator,Castor,DST,DrCif,Hydra,MrSeql,MultiRocket,UST,Rocket,z-time,Castor,DST,DrCif,Hydra,MrSeql,MultiRocket,UST,Rocket,z-time,Castor,DST,DrCif,Hydra,MrSeql,MultiRocket,UST,Rocket,z-time
dataset,,,,,,,,,,,,,,,,,,,,,,,,,,,
ACSF1,23.6388622379303,7.0477055740356445,59.854963874,11.682177467346191,168.2781304,1.0446400356292724,10.548175029754638,1.5918981075286864,16.97736306,6.618164567947387,1.8803415679931639,99.450793976,3.151504678726196,5.323464441,0.20175659179687497,2.7740184974670408,0.5263794994354247,4.840693474,0.9029999999999999,0.9040000000000001,0.8390000000000001,0.875,0.755,0.875,0.8029999999999999,0.899,0.74
Adiac,6.312097444534301,4.30803415298462,88.43569152799999,4.4159589290618895,193.765359,1.8234787273406983,2.1343834018707275,1.2765249347686767,3.028186417,1.5462905883789062,1.0396540927886964,467.01096343999995,1.170798578262329,1.165610218,0.2294161510467529,0.6043292808532714,0.36539155960083003,0.713553286,0.8686052588600359,0.8117687408133267,0.8421786706000001,0.8596390658174098,0.758010779,0.8640307039033154,0.7167532255430344,0.8194496162012085,0.523746529
ArrowHead,2.370016002655029,1.730951738357544,19.037622172,1.7363938426971437,12.821627,0.6118727016448975,0.9902277088165283,0.48779902458190916,1.093404388,0.7285074043273926,0.5265918445587159,60.60206722,0.5960355091094971,0.232064819,0.12474020957946774,0.3636574172973633,0.22031789779663083,0.342627811,0.9592026578073091,0.9640531561461796,0.9012624582000001,0.9364784053156148,0.952713178,0.9752380952380955,0.8710520487264674,0.9516500553709859,0.810741971
BME,1.0670906639099123,0.8390809345245362,10.451885319999999,0.8030759525299072,5.180151606,0.506365966796875,0.5128429698944091,0.34410480499267576,0.657838535,0.387168550491333,0.29418353080749504,22.08612063,0.35438052177429197,0.084043264,0.09186554908752435,0.22249547004699705,0.1741121673583984,0.210444403,1.0,1.0,1.0,1.0,0.972222222,1.0,0.7022222222222222,1.0,1.0
Beef,1.5427929687500002,0.8794048118591309,9.2728339862,1.1306947898864745,12.95598569,0.31405576705932614,0.6106388092041015,0.28390301704406734,0.538328171,0.5281368923187256,0.3164362525939941,41.839173419999995,0.44137031555175776,0.195528316,0.07631484031677244,0.27971366882324217,0.17717372894287103,0.155860853,0.8833333333333334,0.8766666666666666,0.8966666666,0.8866666666666667,0.7,0.8266666666666668,0.8666666666666668,0.8766666666666666,0.5
BeetleFly,1.1575210380554197,0.654430046081543,5.235623846,0.8773235416412353,1.811411667,0.27654454231262204,0.5667810821533203,0.23584466934204099,0.450523138,0.42528806686401366,0.2692765522003174,19.8405239,0.37153848648071286,0.084343338,0.07293921470642084,0.24857859611511227,0.13692296028137202,0.130579233,0.93,0.925,0.9099999999999999,0.975,0.85,0.9,0.9549999999999998,0.93,0.75
BirdChicken,1.1700422668457031,0.6755588436126709,4.8758134174,0.885954465866089,1.638419247,0.2784673976898193,0.5328389930725097,0.22983602523803706,0.384093952,0.41087121009826655,0.27306438446044917,16.835142676,0.376949872970581,0.07293787,0.07299783706665033,0.29338162422180175,0.1525557899475097,0.11076088,0.95,0.96,0.95,0.9650000000000001,0.975,0.975,0.925,0.9200000000000002,0.95
CBF,22.070244884490968,3.8196257972717285,51.433317832,3.503459281921386,22.77836862,2.0674500846862793,2.2206305980682375,1.3712704944610596,6.5587708,2.550662031173706,0.8926022338867188,53.21675299799999,0.9217824840545654,0.418166399,0.229232702255249,0.7561730480194092,0.3834050750732422,1.790390301,1.0,1.0,1.0,1.0,1.0,1.0,0.9765591397849465,1.0,1.0
Car,3.7215002536773683,1.9810835266113282,18.298819943999998,2.7268033027648926,15.48992958,0.5245805740356445,1.779714050292969,0.5165100288391113,0.808397865,1.097829818725586,0.5868497753143311,48.91641695,0.8670171642303467,0.358076715,0.10889570236206052,0.6695623397827148,0.2508742141723633,0.240452862,0.9666666666666666,0.9783333333333333,0.9216666668,0.9550000000000001,0.916666667,0.9666666666666666,0.8233333333333333,0.925,0.683333333
Chinatown,0.6895473194122315,0.6942668342590332,14.5830645,0.45640653610229487,0.122222853,0.7432292652130126,0.3392040252685547,0.4355555820465088,0.479155636,0.20257339477539063,0.19413745880126948,34.609035743999996,0.19175441741943355,0.005739689,0.10295207977294918,0.15020199775695797,0.15400957107543942,0.1634799,0.9818797564687977,0.9818188736681887,0.986263318,0.9846194824961948,0.966894977,0.988455098934551,0.7135083713850837,0.9834855403348554,0.972412481
ChlorineConcentration,63.452520799636844,27.29927725791931,434.25006106,28.74423229217529,3438.014003,16.266014089584353,13.274993019104006,10.224937553405761,31.4791626,7.4452733802795406,4.378529748916626,952.42688462,4.802217245101929,21.88501911,0.8858914375305176,2.5780972671508793,1.221562976837158,8.570203257,0.9996750123285125,0.998374792166881,0.9993034590000001,0.9995356395062128,0.99117521,0.9991176288295863,0.9994426703962102,0.9991642481224282,0.623163591
CinCECGTorso,155.8072485256195,65.88351327896119,370.65473205999996,90.24519351959229,802.6248676,6.118117694854736,120.19944979667665,11.297645559310913,42.49896922,37.768343391418455,16.520266637802123,47.100394334,22.496086206436154,42.24329963,1.010541706085205,31.089411602020267,2.661057434082031,12.07967052,1.0,1.0,1.0,1.0,1.0,1.0,1.0,1.0,0.96056338
Coffee,1.2593674182891845,0.5963622856140136,5.2264151144,0.7363680362701416,1.500605011,0.26390930175781246,0.36579524993896484,0.22223216056823727,0.328232384,0.4846616744995117,0.24507091522216795,15.888422914,0.34793256759643554,0.040020418,0.06870983123779292,0.20782448768615716,0.14124379158020017,0.093746328,1.0,0.9963636363636363,1.0,1.0,1.0,1.0,1.0,1.0,0.839393939
Computers,24.235535659790038,9.743343000411986,89.561861772,13.379256916046142,50.94031692,1.6522644233703612,17.072696743011473,2.203632621765137,6.280370092,6.0639465713500975,2.3086231040954592,128.23704222,3.3949393177032468,2.338987875,0.27010700225830075,4.5741861629486085,0.6058261489868164,1.846231079,0.9032,0.7424000000000001,0.8356,0.8692,0.782,0.8708,0.8019999999999999,0.8583999999999999,0.784
CricketX,19.955938920974734,10.524390678405762,122.685056,9.556390686035158,189.7634039,2.010097703933716,4.9599707889556885,1.7740094852447512,7.116985512,4.126720857620239,1.6531352806091308,420.5115806,2.1276476192474365,3.618726158,0.2672546863555908,1.478120403289795,0.50879732131958,2.033683681,0.874871794871795,0.874102564102564,0.8200000002,0.8679487179487181,0.819230769,0.8676923076923077,0.752051282051282,0.8676923076923077,0.569230769
CricketY,12.877966480255129,8.984949750900268,122.57621504000001,7.902722015380858,193.7525358,1.9691761302947999,4.743264818191529,1.750885877609253,7.139380932,3.0165247917175293,1.6508751773834227,432.04228318,2.0752033042907714,3.60693326,0.26321016311645506,1.5044389915466307,0.493074722290039,2.006401825,0.8889743589743591,0.8720512820512821,0.8294871796000001,0.8812820512820514,0.833333333,0.8733333333333333,0.7084615384615385,0.8853846153846154,0.573076923
CricketZ,16.397301445007322,7.0714937210083,122.47738096,7.82826524734497,192.1970234,1.9762952709198,4.838237380981445,1.7294989490509032,7.150821257,3.7323584842681883,1.65667667388916,419.36422647999996,2.0432265472412108,3.638245869,0.2691330814361572,1.4226132392883302,0.5038228130340576,2.008811855,0.8661538461538463,0.8717948717948717,0.8271794872000001,0.8700000000000001,0.821794872,0.8684615384615384,0.7279487179487181,0.8810256410256411,0.548717949
Crop,2795.8475410938263,737.6108759212494,2045.9224719999997,1023.6232982444765,2132.729091,786.5598315429687,427.1071911525726,625.9200004959106,54.45826287,8.638915414810182,6.34116229057312,10143.910094,5.056488437652588,9.996119022,3.2488252544403076,2.9347684097290037,2.075151996612549,12.18405151,0.6569833333333334,0.766675,0.8184833332,0.7051333333333333,0.686,0.8093916666666667,0.42654999999999993,0.7650333333333335,0.627166667
DiatomSizeReduction,5.3056360912323,2.742439966201782,28.533129273999997,3.8074280643463134,14.83963804,0.8872961425781251,2.2057340145111084,0.8306683444976807,1.467977476,1.4798153114318846,0.7627157688140869,22.22409147,1.1177806949615479,0.344006968,0.14405030250549314,0.8103508186340331,0.3086905765533447,0.453323698,1.0,1.0,1.0,1.0,1.0,1.0,0.9931634615384615,1.0,0.990673077
DistalPhalanxOutlineAgeGroup,2.381410331726074,1.6186651325225827,32.145201904,1.6115250301361084,16.39574823,1.0998242950439452,0.825432367324829,0.7880031585693359,1.398047924,0.5873755836486816,0.42423956871032714,131.0054283,0.47238371849060057,0.18946228,0.13813284873962398,0.27130842208862305,0.22329555511474605,0.401312208,0.8278885427483559,0.8102492211838006,0.8305399789999999,0.8208411214953271,0.805192108,0.8196192454136378,0.8030460366908965,0.8215714780200761,0.797715472
DistalPhalanxOutlineCorrect,3.827140083312988,2.2388892650604246,52.390022134000006,2.467411489486694,22.96739187,1.734991807937622,1.4510284996032714,1.0384574222564698,2.403227234,0.8653824806213379,0.576767110824585,210.71202048,0.649202299118042,0.244771719,0.17911642074584957,0.4216850757598877,0.2983168506622314,0.634770536,0.8356259740259742,0.815781818181818,0.8404116882,0.8340506493506494,0.802493506,0.8525207792207793,0.7805935064935066,0.8202974025974026,0.818487013
DistalPhalanxTW,2.3811727619171146,1.5436148548126218,34.825895318,1.5824330806732179,14.39989896,1.1050261306762696,0.8553808403015136,0.769520320892334,1.379991436,0.6023380947113037,0.41621643066406244,167.90036152,0.484526481628418,0.182553196,0.13825189590454098,0.26977663040161126,0.2266694831848144,0.403501225,0.7762616822429906,0.7650501903772932,0.777736241,0.7799723087573555,0.769989616,0.7703322949117342,0.7462062997577016,0.7829525787469713,0.755053652
ECG200,1.0318738079071044,0.6794489097595215,13.173726452,0.7208979320526123,1.90507884,0.47775298118591303,0.46035079002380364,0.34738544464111326,0.725474977,0.3655271339416504,0.2893742942810059,48.021421595999996,0.3354850578308105,0.030907583,0.0897094345092773,0.2072596168518066,0.16390480041503905,0.237485313,0.898,0.945,0.913,0.8870000000000001,0.89,0.932,0.807,0.917,0.785
ECG5000,46.93986963272094,24.726197128295897,412.88025824,31.744499387741087,357.5484559,20.015018386840822,16.579170494079587,12.852409381866455,23.70531063,6.431053657531739,3.7722313499450686,478.80000271999995,4.664547996520996,4.91361208,0.8845835494995118,2.4825156688690186,1.1353692626953125,5.884648037,0.9554,0.95312,0.9542400000000001,0.9560000000000001,0.9492,0.9582,0.9398799999999999,0.9548400000000001,0.934
ECGFiveDays,5.894185056686402,3.286976146697998,51.331042268,4.049360523223877,8.421810341,1.9289559745788574,2.0535522842407223,1.279501657485962,3.451055574,1.3920275402069093,0.8287094116210938,34.625426915999995,1.0626551437377931,0.20866642,0.21370765686035154,0.6140753936767578,0.36878020286560054,0.917716026,1.0,1.0,1.0,1.0,1.0,1.0,0.998414227015922,1.0,0.976251926
EOGHorizontalSignal,53.17631006240845,20.783742752075195,211.14401478,35.94910007476807,782.1010301,2.934299554824829,31.220981636047362,4.732813787460327,19.27185903,13.636526584625244,5.291862325668335,304.6749503,9.38341022491455,17.95409803,0.5032746505737304,8.67877447128296,1.2150758743286132,5.621022272,0.8734904214559387,0.7140842911877394,0.8323045978,0.8845153256704981,0.816312261,0.8931245210727969,0.6388850574712643,0.8659942528735632,0.505536398
EOGVerticalSignal,76.13047308921814,19.882061119079587,215.59774062000002,45.646943998336795,875.8843255,2.939901533126831,32.99284466743469,4.711301593780517,18.74449072,18.3264764213562,5.021773138046265,344.1661532,12.76115200996399,19.13583193,0.5162041759490966,8.843901443481446,1.2046465206146242,5.362913036,0.8249061302681993,0.6348295019157087,0.8204482759999999,0.820471264367816,0.75967433,0.851360153256705,0.5444693486590039,0.8245766283524905,0.44612069
Earthquakes,10.675934991836547,5.484740810394287,63.970338377999994,10.809507703781128,51.36272888,1.5260329246520996,7.511166791915893,1.7563411045074464,7.115817785,2.805713586807251,1.4242494106292725,109.07090218,2.881945514678955,2.056402397,0.23632276535034177,2.319668827056885,0.5358086585998535,2.075710011,0.7675128564749882,0.7817765310892941,0.7978354374000001,0.7605656848994856,0.730972417,0.7818279569892473,0.7114446002805049,0.778705002337541,0.798176718
ElectricDevices,1316.3625826644898,286.5876316356659,1473.5581296,296.00032946586606,734.7615683,312.5298517417908,430.2788619613648,245.05505768775942,63.80207601,12.43558193206787,9.132300271987916,4418.3014508,11.103583002090454,7.516801882,2.351870632171631,4.3755525016784675,2.5889464187622067,13.14556284,0.8179717629361172,0.6140524713301426,0.8974935044000001,0.7115943814882894,0.863196227,0.9136855433978404,0.8596501164712954,0.8731381499849714,0.853579415
EthanolLevel,90.19508400917053,40.91968211174011,328.50451468,87.34783883094788,1803.205134,4.283919830322266,114.07581567764282,8.500366048812866,21.75144806,22.684636335372925,10.178092575073242,393.50756434,23.42794945716858,43.39323187,0.7444105815887452,29.339606924057005,2.0303871059417724,6.114788055,0.7444,0.7312666666666667,0.818162189,0.7372049751243781,0.785855721,0.7577253731343283,0.753171144278607,0.6862487562189055,0.357597015
FaceAll,16.303851509094237,9.431464262008667,219.81495126,12.264354543685915,190.8389933,5.668852481842041,5.257096319198608,3.654280920028687,11.99998884,3.1140319156646727,1.8772657299041746,603.00252482,3.1506098747253417,3.728659678,0.4284072208404541,1.0959843158721922,0.6235575294494629,3.178397465,0.9952888888888889,0.9938666666666667,0.9833777778,0.9944888888888889,0.988444444,0.9954666666666668,0.9508444444444445,0.9948444444444446,0.818222222
FaceFour,2.1708830165863033,1.3065900707244873,12.100955058,1.9241127872467039,9.462790108,0.41837525367736816,0.8858718395233154,0.38181163787841793,1.247786331,0.7034239959716797,0.4091063976287842,29.574322298,0.6637349605560303,0.229221344,0.08698358535766598,0.3515895271301269,0.1868364143371582,0.361328554,1.0,1.0,0.9930434784,1.0,1.0,0.9826086956521738,1.0,1.0,0.813043478
FacesUCR,16.470202016830445,9.424669055938722,216.10962448,12.596241884231569,192.0194111,5.593199644088745,5.116903305053711,3.5527386856079106,12.16197829,3.0723233795166016,1.8533878993988036,603.6982261999999,3.0885121631622314,3.752414227,0.4315126514434814,1.143983678817749,0.6428798389434814,3.240114594,0.9955555555555555,0.9963555555555554,0.981511111,0.9949333333333333,0.990222222,0.9943111111111111,0.9485333333333333,0.9955555555555555,0.808444444
FiftyWords,15.843900871276855,6.704334497451782,158.79285324,10.76292326927185,325.1128002,2.1513593196868896,3.281829538345337,1.778356227874756,3.451643848,3.686600275039673,1.647522077560425,612.16867504,2.9163257312774657,3.51135931,0.2705519294738769,1.0198979473114014,0.4919615077972412,0.902566385,0.883756906077348,0.880220994475138,0.8185635359999999,0.8711602209944751,0.774585635,0.8671823204419888,0.3690607734806629,0.8722651933701657,0.436464088
Fish,16.853127403259275,4.177533597946168,44.566452612,6.96073450088501,49.07502675,1.0084697055816652,3.2068728828430175,1.0748136711120604,2.182343912,4.415696296691895,1.1343705940246582,118.55600933999999,2.025194253921509,0.858977556,0.17360715866088863,1.0554641628265382,0.36304111480712886,0.659797764,0.986857142857143,0.9857142857142858,0.9525714284,0.9925714285714287,0.965714286,0.9902857142857144,0.9742857142857144,0.9862857142857143,0.711428571
FordA,165.67408390045165,67.41841256141663,674.2708265,101.04191479682922,2915.515412,21.645280761718748,51.60655109405518,21.003920688629147,65.11712518,27.687124395370482,13.831525974273683,535.207502,23.758309593200686,45.90037646,1.323420810699463,11.304233093261718,3.0876017093658445,18.39644566,0.9486283686187115,0.938874623416285,0.9647223805999999,0.945458792455945,0.926033387,0.9544002723783583,0.8519828319095375,0.9113613552886799,0.818327143
FordB,109.30055638313294,59.40349005699157,628.18364802,91.04536103248594,2893.730647,17.522590808868408,47.11905905723572,17.867001161575317,60.84902029,22.785453491210937,12.531997451782226,580.10645836,21.638841543197636,44.25082183,1.1987215900421142,10.69776982307434,2.7947301292419433,17.19154348,0.9301873838803859,0.9133991734179295,0.9248746602000001,0.924384069968782,0.910253915,0.9356699232820617,0.8332895185854576,0.8989189722071258,0.841654175
FreezerRegularTrain,105.37785140991211,29.36138292312622,312.57786238,39.01315296173096,60.04055634,9.318203525543213,20.19045481681824,7.2877765464782716,23.26415658,13.167580461502075,6.190555982589721,58.431221336,9.384179372787475,2.023793745,0.7820295619964599,4.877169103622437,1.2619429111480713,6.20011754,0.9995333333333333,0.9996666666666666,0.999666667,0.9984,0.999333333,0.9995999999999998,0.9995333333333333,0.9992666666666666,0.980666667
FreezerSmallTrain,41.96230100631714,28.755565414428713,301.85629288,38.441587867736814,57.24516034,9.195109491348266,19.27337182998657,6.906630821228028,22.4033422,8.792569179534912,6.2446212959289555,57.811022972,10.12785556793213,1.936537838,0.7616805934906006,4.853712015151977,1.204272632598877,5.951882648,0.9995827294685992,0.9995832125603865,0.999652778,0.9984019323671497,0.999304952,0.9995832125603865,0.9997915458937199,0.9987492753623188,0.982278986
Fungi,1.908456172943115,1.3202601146697996,17.96995142,1.8680039882659911,19.81098266,0.3456054306030273,0.9526892948150636,0.4494230079650879,2.131523037,0.6146409130096435,0.4151041412353515,64.89537501800001,0.658854923248291,0.198374796,0.03501297950744624,0.32234213829040526,0.21273945808410644,0.498387384,1.0,1.0,1.0,1.0,1.0,1.0,0.9910243902439024,1.0,0.867073171
GunPoint,1.5523645114898683,1.021202974319458,14.105163229999999,1.5022865009307862,1.862526226,0.5168994808197022,0.5726127433776855,0.3903470230102538,0.584937668,0.4872766590118408,0.34905634880065917,30.450110064,0.5457130241394043,0.040450716,0.09875752449035642,0.25806906700134274,0.18143403053283688,0.172487783,1.0,0.998,0.9970000000000001,1.0,0.99,1.0,0.992,1.0,0.95
GunPointAgeSpan,3.368433933258056,2.2932851791381834,29.808707086,3.193484592437744,4.441591215,0.9994462585449219,1.1543817806243897,0.8187204074859619,1.093527937,0.8683402156829834,0.5885774612426757,44.435849004,0.8565949821472169,0.110245705,0.14373564720153806,0.3819946098327637,0.2663497352600097,0.341173315,1.0,1.0,0.9977973139999999,1.0,0.984468864,1.0,0.992957264957265,0.9977777777777778,0.955604396
GunPointMaleVersusFemale,3.3500480747222903,2.177129993438721,30.092788524000003,3.0707052993774413,3.943274879,1.01216609954834,1.2017597007751466,0.8115839195251464,1.089840126,0.8629119873046875,0.5825059223175049,37.898858988,0.9227567577362061,0.092921543,0.14349081993103022,0.3928402805328369,0.27079000473022463,0.339555883,1.0,1.0,1.0,1.0,0.993382173,1.0,0.9911355311355312,0.9995604395604396,0.973431013
GunPointOldVersusYoung,3.4037349224090576,2.1696222972869874,27.820412322,3.1724190616607664,5.26888876,1.0243452644348143,1.236772518157959,0.8138234138488769,1.089178228,0.8776104068756103,0.5833946895599366,16.05013218,0.9518282127380371,0.11594305,0.13812998771667476,0.43151595115661623,0.2613275909423828,0.341899395,1.0,1.0,1.0,1.0,0.988937729,1.0,0.9782857142857143,1.0,0.982246642
Ham,4.361131429672241,2.43367883682251,24.86980761,4.599783229827881,16.83173923,0.705109806060791,2.1894417095184324,0.6957580375671387,1.671200752,1.2250714778900147,0.716784896850586,65.12872487199999,1.3241443729400637,0.471301985,0.1377075386047363,0.6393728923797608,0.2904364681243896,0.516227341,0.9029235880398672,0.7852713178294574,0.8391362126,0.8861351052048727,0.859800664,0.8775858250276855,0.8768770764119601,0.893576965669989,0.682502769
HandOutlines,248.93730727195742,84.79549377441406,553.281084,198.63580552101135,1093.788307,7.457282762527465,182.83710344314574,17.274551773071288,54.27964673,61.71285189628601,20.926734046936037,194.36793018,52.84000916481018,106.707586,1.3809253978729248,47.12060887336732,4.095866794586182,15.53503923,0.9502189781021899,0.9459854014598541,0.9148905108,0.9477372262773723,0.932846715,0.94992700729927,0.9324087591240875,0.9395620437956204,0.72919708
Haptics,26.94417547225952,14.511550092697144,137.16403834,25.737793035507202,329.3000823,1.72648024559021,12.342826309204101,2.6600794982910156,9.173446989,6.777434053421021,3.6718860244750977,261.354023,7.399208536148071,7.537722349,0.280189151763916,3.45018648147583,0.7486601448059081,2.655211973,0.5883777466105656,0.6330060776063581,0.581257597,0.6030528284244975,0.585179991,0.5995558672276765,0.5232678821879382,0.586507713884993,0.45799439
Herring,3.2341182041168217,1.7656310176849366,16.748383756,3.1223131084442137,9.995271921,0.5124845981597901,1.7277965068817138,0.5123316860198974,0.979095411,0.961182746887207,0.56786114692688,49.773917256,1.0272003650665282,0.28448019,0.09496047019958492,0.639469347000122,0.25295116424560543,0.289583731,0.6,0.6406153846153846,0.6309538464,0.6499076923076922,0.618153846,0.6168615384615384,0.636123076923077,0.624,0.592923077
HouseTwenty,17.199973039627075,7.623399085998535,52.557755812,18.084985866546628,47.57208514,1.3240977001190184,24.561643466949466,1.8115657520294193,6.421804905,4.548462409973144,2.024486465454102,34.112351818,4.694410886764526,6.096322393,0.2396205902099609,6.738274345397949,0.5968098545074463,1.868575048,0.985,0.9872983870967742,0.97625,0.9875,0.962298387,0.9860483870967742,0.985,0.9747983870967742,0.943145161
InlineSkate,60.578436326980594,28.7024144077301,228.91569184,62.630195455551146,936.5195356,3.3374399757385254,64.92960709571838,5.8993229484558105,28.06310787,15.363407201766966,7.177133846282959,281.81254588,16.57927942276001,30.55631533,0.6335545921325684,16.50633912086487,1.4863109016418456,8.07938962,0.728,0.7015384615384616,0.8556923076,0.692923076923077,0.689230769,0.7673846153846153,0.5424615384615384,0.7467692307692307,0.506153846
InsectEPGRegularTrain,9.5842875957489,4.653059062957764,46.369262608,9.155685586929321,41.77109723,1.098927364349365,7.14294768333435,1.1589134597778321,3.992228127,2.552034502029419,1.2456455039978027,19.533912620000002,2.699829740524292,1.166190863,0.18802894592285155,1.856121606826782,0.39386392593383784,1.19630456,1.0,1.0,1.0,1.0,0.993548387,1.0,1.0,1.0,1.0
InsectEPGSmallTrain,8.456074886322021,4.023217716217041,32.273295492,8.277521028518677,34.79160719,1.0031086349487304,6.656147127151489,1.0036880588531494,3.390630722,2.2531865501403807,1.1056369495391847,18.447713772,2.4788231658935547,0.982526112,0.18693057060241697,1.6643293190002442,0.35554253578186035,0.990770388,1.0,1.0,1.0,1.0,0.988749126,1.0,1.0,1.0,1.0
InsectWingbeatSound,24.53032217979431,15.026301956176757,294.44882376,21.381187276840212,591.5863071,5.530314588546753,8.097856378555297,4.4262683296203615,10.23856621,5.139432382583618,3.3231059551239013,986.14208098,5.509836301803589,9.893473625,0.4811871147155761,2.0691703510284425,0.878780002593994,2.615383101,0.7400909090909091,0.7367272727272727,0.7318181819999999,0.7356363636363636,0.668636364,0.7417272727272727,0.3633636363636363,0.7103636363636363,0.489090909
ItalyPowerDemand,2.1434714794158936,1.7585828113555908,44.666561366,1.2816413402557374,0.713773155,2.111926965713501,0.7825383567810059,1.0717323207855223,2.056736898,0.3466601467132568,0.33986766815185543,97.70049185,0.3369180583953857,0.018230677,0.1781070041656494,0.20322531700134272,0.21912858963012694,0.449773359,0.9713399750933996,0.9748011623080115,0.972449979,0.9718879202988792,0.935230386,0.9746409298464093,0.5820755500207555,0.9724582814445828,0.958941469
LargeKitchenAppliances,39.174579277038575,12.681074771881104,133.33526326,23.988377618789674,113.6004692,2.134220952987671,17.584021644592287,2.9987222480773927,4.39172492,9.948505821228029,3.2290648555755617,207.13741442,7.312196226119996,3.897717667,0.31677076339721677,4.382480220794678,0.7642187213897704,1.254717875,0.9581333333333333,0.9144,0.8989333333999999,0.9632,0.930666667,0.9480000000000001,0.9328,0.9466666666666667,0.892
Lightning2,8.277318410873413,2.0426843070983884,18.812918786,4.169557094573975,11.25957956,0.5623628330230713,2.982011203765869,0.5739132690429687,1.77442255,2.9009500122070313,0.6432829380035401,40.937003834,1.2923882961273194,0.415741587,0.12386912345886222,0.9178910636901856,0.2649316215515136,0.524909258,0.8215999999999999,0.8226666666666667,0.8049333334,0.8092,0.752666667,0.789,0.686,0.8557333333333332,0.842666667
Lightning7,5.8360934162139895,1.2930986881256104,17.800590606,2.31504225730896,17.32532606,0.508080883026123,1.2287609100341796,0.460686502456665,1.203228951,1.8561946582794189,0.45831716537475586,73.476618634,0.7778991794586181,0.290781069,0.10546990394592282,0.4905561351776123,0.21971382141113277,0.357875967,0.844334975369458,0.818128078817734,0.7824137932,0.8051231527093596,0.791133005,0.8263054187192118,0.601576354679803,0.8570443349753696,0.692857143
Mallat,129.60381175041198,58.451662178039555,440.64419580000003,109.43142953872682,946.9476657,8.078034296035767,61.9852110671997,13.017766151428223,18.86253076,29.18033605575561,13.99683180809021,51.588044586,27.969193372726437,25.11216068,0.9786725234985353,15.866265573501588,2.8636491966247557,5.116529036,1.0,1.0,1.0,1.0,1.0,1.0,1.0,1.0,0.974166667
Meat,2.689807281494141,1.4781749725341797,13.148525662,2.927317514419556,12.19463792,0.44761840820312504,0.9357147216796875,0.43814028739929195,0.773365116,0.8208679866790771,0.49547616004943845,21.998570524,0.9389804840087891,0.253898287,0.09840211868286128,0.4307752799987793,0.23665252685546873,0.227150536,0.9916666666666668,0.9566666666666667,0.9833333332,1.0,0.983333333,0.9916666666666668,1.0,0.9916666666666668,0.9
MedicalImages,5.262188901901245,3.65371955871582,90.617610484,4.300250768661499,100.8754072,2.383833379745483,1.7779419898986817,1.3839222049713134,2.765329218,1.1484046268463135,0.8430927944183348,433.4321724,1.1137395668029786,1.278195477,0.22079581260681147,0.5385537433624268,0.3624456119537353,0.672443914,0.8629081437217497,0.8457504022063894,0.8559342678,0.8294484026660538,0.757224393,0.8669807707040527,0.5807025204933731,0.8517038228759672,0.749306673
MiddlePhalanxOutlineAgeGroup,2.472896556854248,1.7462195301055907,36.138202328,1.977549543380737,23.00732732,1.0970923614501955,0.8136804008483887,0.8009278202056885,1.360355806,0.5759146022796631,0.42625144004821774,176.58048216,0.5666192531585693,0.23838439,0.14004786491394042,0.2796408653259277,0.22148747444152833,0.395342112,0.7169140049140049,0.7131466011466012,0.7534774774,0.7244914004914005,0.70026208,0.7372285012285011,0.6779295659295659,0.7069058149058149,0.754479934
MiddlePhalanxOutlineCorrect,3.8697972202301023,2.4893342685699467,55.604293213999995,2.9769570636749263,31.87087297,1.7893390369415283,1.3238431262969972,1.0606412506103515,2.311600399,0.8197378253936767,0.6149069595336913,226.20009272,0.7892240905761719,0.267982864,0.18325901985168452,0.3644462394714355,0.2768975734710693,0.601667881,0.8513966480446928,0.8251559851861151,0.843554077,0.8408499152595569,0.780057749,0.8471244742953988,0.719419998744586,0.8606063649488419,0.747498588
MiddlePhalanxTW,2.5143846225738526,1.7775878524780275,41.66909726,1.9499258327484128,26.49120374,1.156647300720215,0.8241098403930665,0.7915192317962647,1.361476851,0.5895707798004151,0.4334278583526611,254.10539280000003,0.6135925579071044,0.29158287,0.14863380432128903,0.2698404502868652,0.2205051136016845,0.395754385,0.6047305487305488,0.5927436527436527,0.6181195742,0.6007502047502047,0.576740377,0.597995085995086,0.575020475020475,0.6073022113022113,0.614905815
MixedShapesRegularTrain,193.64559841156006,71.83110210418701,549.5098895799999,129.81400106430053,1609.342386,11.235084085464477,84.22859076499938,16.270945053100586,38.42040629,41.45231130599976,17.00552333831787,295.65618964,34.51048288345337,42.77048483,1.2781706619262694,20.769892024993897,3.3883063030242924,10.70496593,0.9937094017094019,0.9884444444444445,0.9778461536,0.992957264957265,0.978461538,0.9907008547008548,0.9704615384615384,0.9822905982905983,0.928547009
MixedShapesSmallTrain,121.35200392723084,61.64009027481079,478.71955066,113.20244063377382,1352.486169,9.316739368438721,71.35091817855835,13.903898925781252,33.13488064,29.55840320587158,14.745421752929687,266.52032766,30.604405508041385,36.23712244,1.134925413131714,18.236902933120728,2.9758544540405274,9.265906334,0.9914455445544552,0.9877227722772275,0.9751287127999999,0.9908118811881186,0.978613861,0.9888316831683166,0.9710891089108913,0.9801980198019802,0.916435644
MoteStrain,5.643827714920044,3.905241050720215,74.215312944,4.465444526672363,7.606046295,2.6515597915649414,1.9781875801086428,1.4946163749694825,3.844370937,1.1200078010559082,0.8827857303619384,118.9036916,1.096332902908325,0.152739,0.23079057693481442,0.49623323440551753,0.36189044952392574,0.9006917,0.9913546394935928,0.9918221398795739,0.9830199166,0.9910378261540836,0.961472904,0.9904116103134166,0.9618076269878031,0.9850696310020073,0.954410993
NonInvasiveFetalECGThorax1,190.4158675289154,68.87089138984679,784.28697002,127.5075608253479,5589.587596,15.041038999557495,73.88298273086548,17.41922770500183,45.02341852,37.37218451499939,15.788479585647583,1209.733401,31.77109771728516,69.08140602,1.4393392181396485,18.01438618659973,3.2676798248291012,12.44453578,0.9621779548472776,0.944116865869854,0.9406108898,0.956547144754316,0.950863214,0.9678618857901728,0.8636387782204515,0.9666932270916335,0.648605578
NonInvasiveFetalECGThorax2,139.65427001953125,69.4254989528656,738.66433192,124.43118238449097,4789.500141,14.827094640731811,70.22509693145751,17.366757850646973,43.813411,31.70228452682495,16.020564699172972,972.92723346,32.97264684677124,56.43940825,1.4372708225250244,17.543972215652467,3.2437267684936524,12.08265338,0.9655245683930944,0.9576095617529881,0.9539442232,0.9662151394422311,0.95750332,0.9708897742363878,0.9117662682602921,0.9727490039840637,0.729880478
OSULeaf,8.91039218902588,4.881306238174439,62.801391248,8.371146984100342,69.7700078,1.2302862453460695,3.386828088760376,1.269998607635498,3.784828329,2.4329764938354494,1.2743617916107177,160.15951855999998,2.3161694717407224,1.569057035,0.19758149147033685,1.073285961151123,0.4016094398498534,1.122241545,0.9809959141981613,0.9787844739530133,0.9027425948,0.9868743615934628,0.959244127,0.9764351378958122,0.9777936670071501,0.9692696629213484,0.853013279
OliveOil,4.245559740066528,0.9969738960266114,8.811768994400001,1.8934007072448729,11.57784033,0.32880439758300783,0.6928709888458252,0.3078855037689209,0.390926743,1.4235878372192383,0.3553693103790283,26.696993623999997,0.6904125881195069,0.187148333,0.0817334938049316,0.27026595115661617,0.16893948554992674,0.111106825,0.9233333333333332,0.9099999999999999,0.916666667,0.9166666666666666,0.916666667,0.9233333333333332,0.9266666666666665,0.9433333333333334,0.616666667
PhalangesOutlinesCorrect,81.28268307685852,8.474383821487427,212.44711963999998,9.138568944931029,152.3303518,6.819711456298828,4.2056951999664305,3.6749973583221434,6.97824316,3.7656849479675296,1.397172212600708,699.79765312,1.944349203109741,0.890742874,0.41828377723693844,0.7302008628845215,0.5261162376403808,1.672651815,0.8447695509961344,0.8091027002534584,0.8532772608,0.8363422680996276,0.771638135,0.8590715489288192,0.7424365999745126,0.8407102502017756,0.771250867
Phoneme,101.04673151016236,51.09219797134399,662.21161392,95.10887676239014,6727.415393,7.976810035705566,111.16760507583618,12.189616527557373,69.02647047,24.477340698242188,12.378737382888795,1743.085827,26.194197988510133,168.8023504,1.130842990875244,28.7408934879303,2.7338255882263183,19.21631732,0.518388625592417,0.4793364928909952,0.556398104,0.501611374407583,0.444075829,0.5145971563981042,0.391563981042654,0.41118483412322276,0.347393365
PigAirwayPressure,33.37652644157409,14.691369905471802,155.10508872,32.33447898864746,621.523064,1.9806238079071044,36.60955757141113,3.0910773563385012,12.7870522,8.316600332260132,3.7567519187927245,311.43713872,8.89263765335083,13.59287252,0.3914404773712158,9.884794921875,0.860711612701416,3.733158779,0.9852841781874039,0.9761904761904763,0.6286226316000001,0.9807270865335381,0.94234511,0.8565693804403482,0.9872401433691756,1.0,0.112442396
PigArtPressure,32.82396727561951,14.683950757980346,130.41243514,32.90019127845764,868.547416,1.8208155059814453,25.174085664749146,3.0973333644866945,10.87567039,8.359109516143798,3.758848657608032,226.47375734000002,8.57717580795288,14.69694371,0.3337386989593506,6.844741868972778,0.855938720703125,3.166353607,0.9961904761904762,0.9878033794162826,0.9749308755999999,0.9923604710701485,0.954941116,0.9582078853046596,0.9833179723502303,0.9878238607270866,0.420225294
PigCVP,32.64563617706299,14.730424432754514,152.66674654,31.776846923828124,866.5793318,1.9912609863281254,39.251843519210816,3.162618474960327,15.08422685,8.622258367538453,3.771746559143066,311.76218448,9.089049739837646,15.62810616,0.3819019794464111,9.921349697113037,0.8734263324737549,4.395085573,0.9872503840245777,0.9635125448028672,0.8331899642,0.9813927291346646,0.910240655,0.9147772657450076,0.9621402969790067,0.9530773169482846,0.285355863
Plane,4.537183084487915,1.0948413276672364,14.20305625,1.4849712944030764,5.855560207,0.5449917602539063,0.5632215690612793,0.4015993595123291,0.700305653,1.4176285171508787,0.3493860816955566,34.263381429999995,0.4989007091522216,0.107854271,0.09790274620056147,0.22912998199462892,0.18110918998718256,0.206925201,1.0,1.0,1.0,1.0,0.995238095,1.0,1.0,1.0,0.99047619
PowerCons,8.00788480758667,1.7339387226104737,23.946549668,3.0424499416351316,6.160490847,0.8229772472381592,0.948604793548584,0.6751943492889405,1.562921095,1.7732203483581543,0.49098504066467286,39.757331274,0.84898756980896,0.131915188,0.12835659980773922,0.35436661720275875,0.23597611427307125,0.49027009,0.9811111111111112,0.9911111111111112,0.9955555551999999,0.9761111111111113,0.913888889,0.9866666666666667,0.8638888888888889,0.9949999999999999,0.925
ProximalPhalanxOutlineAgeGroup,11.12270055770874,1.998286418914795,36.073520222,2.2331301116943356,18.00634794,1.2187202072143555,0.9796074104309083,0.8695141983032226,1.467794609,1.6663957500457762,0.45072165489196775,138.85364636,0.60304443359375,0.200268316,0.14546980857849118,0.3074723052978515,0.24325036048889154,0.414513588,0.8433057851239669,0.8171900826446281,0.8512396694,0.8482644628099173,0.814876033,0.8350413223140496,0.8099173553719009,0.8452892561983472,0.834710744
ProximalPhalanxOutlineCorrect,21.597772483825686,2.4857649040222167,52.68811676599999,3.1096243381500246,20.06217494,1.8579003810882568,1.3699352550506592,1.0891113567352295,2.2647542,2.1245674419403078,0.6033092403411866,192.35234018,0.8304618453979492,0.211950636,0.18721942901611327,0.38025153160095215,0.29579227447509765,0.552680063,0.9088958634109596,0.8637875839558093,0.8922427972,0.904618668005775,0.812585525,0.9021455024794426,0.8410746343606803,0.8911430544221958,0.824888582
ProximalPhalanxTW,11.716441469192505,1.9161488342285158,37.936722796,2.091071786880493,17.10761724,1.2178476524353026,0.8820620155334472,0.8633219528198243,1.459055185,1.6523585414886477,0.4515396595001221,165.54360338,0.5756057834625243,0.203040361,0.14473632812499995,0.27767951011657716,0.23499655723571777,0.413552189,0.8171900826446281,0.8161983471074381,0.8287603306,0.8251239669421487,0.804958678,0.8185123966942148,0.7834710743801653,0.8201652892561985,0.801652893
RefrigerationDevices,29.13807913780213,12.881760311126708,144.71861114,24.31681122779846,248.887073,2.3399602794647216,22.250946798324584,3.1885959243774415,12.58413534,7.227563657760621,3.241593914031983,251.95565062,6.925100240707397,9.034769917,0.3883064842224121,6.79083872795105,0.830349063873291,3.592725086,0.8800000000000001,0.6112,0.7882666668,0.8698666666666666,0.778666667,0.7914666666666668,0.8034666666666667,0.7794666666666668,0.628
Rock,11.852503366470337,4.94760365486145,33.357388988000004,11.793578920364379,57.28889804,0.9695909404754639,17.03793869972229,1.0517385387420652,2.404200029,3.254992828369141,1.3549272918701172,28.462246172,3.280375394821167,6.253086948,0.1925552654266357,4.760643720626831,0.39752465248107904,0.699097204,0.9314285714285715,0.9400000000000001,0.8828571428,0.9571428571428571,0.885714286,0.9428571428571428,0.9428571428571428,0.9200000000000002,0.785714286
ScreenType,25.061462993621824,12.828807621002198,148.90653998,24.129745054244996,273.8835424,2.22917498588562,20.942666807174685,3.0827192783355715,7.95629077,6.351813888549804,3.242656555175781,313.124727,7.523537034988403,6.095033979,0.34886934280395504,5.537734155654907,0.7987940502166748,2.299337244,0.7357333333333334,0.5413333333333334,0.7056,0.7368,0.712,0.7010666666666666,0.6370666666666667,0.6752,0.588
SemgHandGenderCh2,69.74556101799013,39.992396640777585,251.32197798,67.52727224349977,679.9539015,4.387916011810303,123.78374699592591,8.22270601272583,48.12188406,17.627619037628172,9.934389114379883,126.89837184000001,17.81159991264343,30.23974996,0.826322603225708,31.60325762748718,2.0318086528778077,13.8906383,0.9311111111111112,0.9475555555555555,0.9586666667999999,0.8906666666666668,0.881111111,0.9595555555555556,0.8620000000000001,0.9175555555555557,0.875555556
SemgHandMovementCh2,71.44899662971497,31.459566564559935,289.54709837999997,66.7482457447052,2265.402276,4.400390920639039,125.00797554016113,8.268970756530761,48.08575926,17.746819438934327,7.861900596618652,311.93922682000004,17.678950634002685,70.41174288,0.8301741123199463,32.88659231185913,2.0421252632141114,13.88474188,0.7035555555555556,0.7417777777777778,0.9039999997999999,0.5433333333333333,0.686666667,0.8195555555555556,0.47044444444444444,0.6315555555555555,0.6
SemgHandSubjectCh2,103.73422778129577,31.60527590751648,275.49539964,68.63446893692017,1676.205451,4.386771755218506,128.17906312942506,8.248759269714355,48.05619264,26.432566814422604,7.869492349624633,243.58541356,18.65530336380005,54.04582305,0.8264315605163575,31.960532598495483,2.0355906581878664,13.86719456,0.8813333333333334,0.9031111111111111,0.9455555556,0.8171111111111111,0.912222222,0.9444444444444444,0.7042222222222222,0.874,0.795555556
ShapeletSim,4.714701194763183,2.6284269618988034,21.78794323,4.696105308532714,10.83114963,0.7363755130767823,4.216706504821778,0.823454933166504,6.088801575,1.3376466464996337,0.7713897228240967,33.72762085,1.5248772239685058,0.509095907,0.16922716140747068,1.258015079498291,0.3251679325103759,1.786063719,1.0,1.0,1.0,0.999,0.72,1.0,1.0,1.0,1.0
ShapesAll,26.295394678115844,15.023593702316285,243.97519066,26.405866832733153,847.3900818,3.3728381156921388,12.967214202880859,3.6088993167877197,11.79409547,6.506817741394043,3.65685830116272,734.9517415600001,7.0676840400695795,8.782098198,0.4357295703887939,3.3797097206115723,0.8948196125030516,3.220963478,0.9758333333333334,0.9550000000000001,0.9156666666,0.966,0.9575,0.9685,0.8913333333333332,0.9478333333333335,0.596666667
SmallKitchenAppliances,24.92917223930359,12.568892374038697,137.56024514,24.75309411048889,95.26702027,2.1662392139434816,17.475494441986083,2.959832592010498,4.001837635,6.415302171707154,3.1756453609466555,187.57606984,6.768688516616821,3.746211386,0.3350372314453125,4.630210199356079,0.7980413246154785,1.144490242,0.8152000000000001,0.7365333333333333,0.8480000000000001,0.7837333333333334,0.832,0.8394666666666668,0.7322666666666666,0.7872000000000001,0.786666667
SmoothSubspace,0.33212933540344236,0.5021174335479737,12.46574647,0.2706705474853515,0.123509502,0.6397892761230468,0.24729803085327146,0.3171067237854004,0.389894676,0.16006549835205072,0.1578412818908691,54.237540248,0.14479084014892576,0.004845047,0.09277401924133297,0.13402640342712396,0.1345368671417236,0.138045216,0.9953333333333333,1.0,0.9913333332,0.9813333333333334,0.793333333,0.9926666666666668,0.3333333333333333,0.9933333333333334,0.966666667
SonyAIBORobotSurface1,2.708770627975464,1.8866555213928222,31.575708331999998,2.047202663421631,2.356087303,1.2583499717712403,0.9565672874450684,0.9309002113342286,2.061514235,0.5817062664031982,0.431644287109375,54.353628304,0.5876248455047607,0.06176815,0.14860157966613768,0.30238688468933106,0.2421430110931396,0.589361525,0.9983870967741936,0.9987096774193549,0.9932516132,1.0,0.979058065,1.0,0.9282090322580645,0.9993548387096775,0.958090323
SonyAIBORobotSurface2,3.3873116207122806,2.622683181762695,50.310694886,2.605573120117188,3.51260581,1.9798095607757566,1.3560247993469239,1.1886569690704345,3.281130028,0.7163784217834472,0.575783338546753,95.38238328,0.7245572471618653,0.097599649,0.19757082939147944,0.3540190696716308,0.29320098876953116,0.840004063,0.9981632653061224,0.9965306122448979,0.9881632652000001,0.9979591836734695,0.97244898,0.9985714285714288,0.9475510204081633,0.9973469387755103,0.940816327
StarLightCurves,607.0320468997955,275.4480178165436,1637.8726906,424.2137312793731,2849.808435,89.65609301567078,263.51003727912905,94.48589635848998,66.87689691,113.05789677619934,52.65785159111023,395.48424592000003,95.13030087471009,88.16030836,3.1332385826110842,52.52406373023987,10.371647968292237,17.6089457,0.9818753940518965,0.9790816627876726,0.982069883,0.9801862620324991,0.982568199,0.9833477711604404,0.9444999613272488,0.9768296195773185,0.968600421
Strawberry,9.52746989250183,6.16112943649292,92.258012838,9.626647138595581,35.30252733,2.158104963302612,3.393792934417725,1.8465563201904296,4.340972376,2.3525305652618407,1.4955475902557374,105.10405842,2.6260099029541015,0.662556839,0.24063475608825677,1.031638469696045,0.46646301269531254,1.126068306,0.9792416865223247,0.9774184191443075,0.9751704134000001,0.9796467419455093,0.977633896,0.9833067440174039,0.973338858385994,0.9869574225629337,0.916637315
SwedishLeaf,6.059680185317993,4.706678113937378,79.655692476,5.4233832263946535,68.68397479,2.4364711093902587,2.6619042110443116,1.5731809329986572,4.370606422,1.3641721534729006,1.0383982467651367,296.49492556,1.3710692405700684,0.995840168,0.24837500572204588,0.7068811321258546,0.4047844791412354,1.12729001,0.9857777777777779,0.9754666666666669,0.9701333336,0.9836444444444445,0.955555556,0.9802666666666667,0.8972444444444445,0.9760000000000002,0.803555556
Symbols,17.80343297958374,10.064089460372925,120.2529601,18.03432364463806,67.66475229,2.533212299346924,8.690538578033447,2.5578168201446534,6.4234653,4.348818016052246,2.484636869430542,53.213101355999996,4.855228404998779,1.714818192,0.30925660133361815,2.198522758483887,0.6585239887237548,1.761624289,0.9937254901960785,0.9921568627450978,0.9898039212,0.9950980392156863,0.993137255,0.9941176470588236,0.9892156862745098,0.9933333333333334,0.973529412
SyntheticControl,1.9242493152618407,1.753583736419678,30.958694830000002,1.4761052227020264,7.697351408,1.2309392929077148,0.8523154354095459,0.8508399200439453,2.218794966,0.43888436317443846,0.37391358375549316,86.38193839,0.46271855354309077,0.150746775,0.15449491500854493,0.2622835636138916,0.22409878730773922,0.643908739,0.9946666666666667,0.9940000000000001,0.9973333334,0.969,0.983333333,0.9950000000000001,0.492,1.0,0.985
ToeSegmentation1,3.763566513061524,2.05352502822876,25.254203712,3.77863130569458,6.440578985,0.7343020343780517,1.5249015522003173,0.6815551471710205,2.195616341,1.0532007122039795,0.6204414367675781,54.860269362,1.1257438659667969,0.22523942,0.14027956962585447,0.5291053676605225,0.2638162326812744,0.683812714,0.9740740740740741,0.9710412299091544,0.9476729561999999,0.9814814814814816,0.970090846,0.9745911949685535,0.9762683438155138,0.9834241788958769,0.884346611
ToeSegmentation2,2.893400077819824,1.6175361919403077,17.413152865999997,2.8541749477386475,3.813876724,0.5605510425567627,1.582910919189453,0.5012705802917481,1.34614172,0.9501729011535645,0.5025459098815918,38.049784312,0.9082357978820801,0.149234009,0.12225097656249995,0.5384071922302246,0.24521803855895996,0.423362207,0.9855258467023175,0.9757575757575758,0.9122281642000001,0.989162210338681,0.975935829,0.972192513368984,0.9605347593582888,0.9759358288770054,0.843672014
Trace,2.809563159942627,1.5768582820892334,16.81029905,3.1107599258422853,9.048425293,0.586279525756836,1.5910446166992187,0.514095287322998,1.427658129,0.8230032825469971,0.5044643402099609,22.852806516,0.8827363967895507,0.220605898,0.13037646293640134,0.6258607101440429,0.2132979583740234,0.428556442,1.0,1.0,1.0,1.0,1.0,1.0,1.0,1.0,1.0
TwoLeadECG,5.0722970676422126,3.369391527175903,63.466736898,4.018531074523926,5.557038498,2.407551565170288,2.4050734710693358,1.4709169483184814,3.377170181,1.0317068481445313,0.7609011268615722,59.747385980000004,1.0450381660461425,0.128234625,0.21855813980102537,0.4710838413238525,0.3478661823272705,0.823109674,1.0,0.9991379310344828,0.9993103447999999,1.0,1.0,1.0,1.0,1.0,0.993114548
TwoPatterns,40.053101797103885,28.409822101593015,402.06575316,28.396115684509276,540.9353295,20.001339693069458,15.368897304534912,13.413332214355469,24.30458779,5.008072681427002,3.770189094543457,611.9532136199999,4.854521055221558,5.667320776,0.8989065551757813,2.3774265384674074,1.1849085998535158,6.567559099,1.0,1.0,1.0,0.9991999999999999,0.9998,1.0,0.7604,1.0,0.9736
UMD,1.434053964614868,0.9258852481842041,13.696277704,1.3360723209381105,5.575154591,0.49860711097717286,0.6421520328521728,0.36205159187316893,0.772182465,0.46959951400756833,0.31028964042663565,42.185433454,0.4826250743865967,0.092875576,0.08739340782165524,0.24836075782775877,0.16812228202819818,0.229323006,0.9944444444444442,0.9944444444444442,0.994444444,0.9944444444444442,0.988888889,0.9944444444444442,0.9377777777777776,0.9944444444444442,0.977777778
UWaveGestureLibraryAll,252.95361634254454,103.18955986976623,936.06447704,186.47845806121828,5890.711634,20.933610458374027,119.38208333969115,26.374374351501466,54.53219533,51.62803658485412,23.436108388900756,658.49924328,46.46174919128418,125.3076941,1.904463176727295,28.998028202056883,4.817077379226684,15.18869772,0.9874483739026338,0.9889235833998402,0.9826709398,0.984097865123703,0.960026686,0.9911135774142059,0.7346120311252993,0.9882986332801277,0.744751097
UWaveGestureLibraryX,73.14135087013244,41.58542821884156,586.66440284,60.20309754371643,2086.414183,18.37810293197632,24.45298942565918,13.706773786544801,19.80225697,14.004364423751833,8.012232904434203,1351.185189,14.432730178833008,26.82727642,1.001881341934204,5.067883548736573,1.846229667663574,4.842736626,0.8987942438148444,0.8889224860335195,0.8760184556,0.8898174880287311,0.849926925,0.9041058459696728,0.5212125897845171,0.8773991420590583,0.749669294
UWaveGestureLibraryY,136.47394065856935,41.3849688911438,615.0438923199999,61.94186438560486,2593.111655,18.472725811004644,25.150359592437745,13.754082803726197,19.17065587,18.00138849258423,8.026058902740479,1640.0505322000001,13.990464811325074,29.76168556,1.0173276138305662,4.930186586380005,1.8552713203430176,4.623663712,0.8548929569034318,0.8189349062250599,0.8290316242,0.8355107741420589,0.774897496,0.8597113926576216,0.4567654628890662,0.8129063248204311,0.652086742
UWaveGestureLibraryZ,75.19055934906007,42.83147844314575,605.07730128,61.908483543395995,2213.559383,18.2444259929657,25.167715349197387,13.777427940368653,19.65633087,14.22769660949707,8.122567300796508,1510.5812216,14.870226688385008,26.6156363,0.9732653713226318,5.002274618148804,1.8493869590759278,4.789778757,0.8536840083798882,0.8324263268156425,0.8429239326,0.8399725159616919,0.794325619,0.8631973264166002,0.49111302873104545,0.8208100558659218,0.687802275
Wafer,101.02676997184753,63.54590187072754,598.84381668,63.976261949539186,41.36799912,46.08891337394714,34.49440755844116,31.079302797317506,27.65137739,9.709188146591185,6.489146366119385,45.38455417,9.052145805358887,1.485750961,1.2243021488189698,3.5706784057617185,1.6481997203826904,5.550804853,1.0,1.0,0.9999720670000001,1.0,0.999441731,1.0,1.0,0.9998325191905095,0.999581201
Wine,1.292629804611206,0.8688052463531495,10.526855617999999,1.2438349628448486,4.350165701,0.3528678798675537,0.4211174201965332,0.3041976070404052,0.376507187,0.447511978149414,0.3045569324493408,40.091100212,0.4804888916015625,0.061495876,0.060647296905517525,0.2426220703125,0.16341898918151854,0.105708265,0.9824505928853753,0.8221343873517786,0.9890909092000001,0.980395256916996,0.963636364,0.9709090909090909,0.9927272727272728,0.9945454545454545,0.801185771
WordSynonyms,21.69491292953491,6.48248480796814,151.14881496,10.582676219940186,260.0925258,2.072572374343872,3.4146400928497314,1.8262021350860596,3.432119083,4.283434610366821,1.633029079437256,568.79897628,2.997353515625,3.677244139,0.24890029907226557,0.967021894454956,0.4773192691802978,0.916911554,0.8870718232044199,0.8755801104972376,0.8198895028,0.8623204419889504,0.741436464,0.8786740331491713,0.38740331491712704,0.8700552486187846,0.475138122
Worms,22.3832333278656,6.0459761142730715,55.535477512,11.17181028366089,88.33927979,1.1059551620483399,7.513070459365845,1.3455310916900636,5.429375935,6.313549499511718,1.611256923675537,108.11537455999999,3.2324261569976804,2.648653269,0.21259435653686518,2.2626577281951907,0.4380661582946777,1.615089607,0.7717194570135748,0.7178129713423831,0.7630467572,0.7957767722473605,0.752187029,0.744238310708899,0.7173303167420814,0.7451734539969834,0.604977376
WormsTwoClass,22.8565309715271,5.818333292007447,50.002708826,12.46715817451477,35.9729538,1.0916700744628907,7.01408899307251,1.366514253616333,5.424809265,6.514027080535888,1.5456116390228272,68.669985708,3.499675416946411,1.823888731,0.20848040580749508,1.9685000419616698,0.43256834030151364,1.607089567,0.804630467571644,0.7850829562594269,0.8076772246000001,0.8257013574660634,0.716892911,0.7964555052790346,0.7862745098039217,0.7590799396681749,0.732503771
Yoga,71.58976733207703,38.33068968772888,426.66273573999996,56.95331727981568,796.7461105,10.46944193840027,23.699598255157472,10.077208099365233,20.76849937,14.33471954345703,8.360404348373413,512.6376465,14.3618558883667,9.762441921,0.8552368068695069,5.70659725189209,1.7950929737091066,5.608230448,0.9907272727272727,0.9873333333333333,0.9662424244000001,0.9898787878787878,0.953939394,0.9904848484848486,0.9458787878787879,0.9831515151515152,0.873636364
